{"cameraMode":{"drawMode":0,"name":"Shaded","section":"Shading Mode"},"sceneLighting":true,"audioPlay":false,"sceneViewState":{"m_AlwaysRefresh":false,"showFog":true,"showSkybox":true,"showFlares":true,"showImageEffects":true,"showParticleSystems":true,"showVisualEffectGraphs":true,"m_FxEnabled":true},"in2DMode":false,"pivot":{"x":10.10198974609375,"y":-0.8654919862747192,"z":9.046595573425293},"rotation":{"x":0.7371799945831299,"y":0.016209522262215616,"z":-0.017695963382720948,"w":0.6752759218215942},"size":18.199989318847658,"orthographic":true}